{"stats":{"minecraft:mined":{"minecraft:crafting_table":1,"minecraft:grass":22,"minecraft:oak_log":10,"minecraft:tall_grass":1,"minecraft:stone":7,"minecraft:oak_leaves":1},"minecraft:killed":{"minecraft:sheep":4,"minecraft:horse":3,"minecraft:pig":7,"minecraft:cow":4},"minecraft:dropped":{"minecraft:wheat_seeds":1,"minecraft:netherite_ingot":34},"minecraft:crafted":{"minecraft:oak_planks":16,"minecraft:crafting_table":1,"minecraft:stick":8,"minecraft:wooden_pickaxe":1,"minecraft:stone_pickaxe":1,"minecraft:stone_axe":1},"minecraft:used":{"minecraft:wooden_pickaxe":7,"minecraft:stone_axe":32,"minecraft:crafting_table":1},"minecraft:picked_up":{"minecraft:crafting_table":1,"minecraft:leather":8,"minecraft:porkchop":10,"minecraft:oak_log":10,"minecraft:netherite_ingot":34,"minecraft:wheat_seeds":1,"minecraft:beef":10,"minecraft:mutton":5,"minecraft:white_wool":4,"minecraft:cobblestone":7,"minecraft:egg":1},"minecraft:custom":{"minecraft:time_since_rest":7521,"minecraft:sprint_one_cm":26603,"minecraft:damage_taken":210,"minecraft:walk_one_cm":12708,"minecraft:mob_kills":18,"minecraft:drop":2,"minecraft:damage_dealt":2080,"minecraft:swim_one_cm":5952,"minecraft:interact_with_crafting_table":2,"minecraft:fly_one_cm":68052,"minecraft:crouch_one_cm":285,"minecraft:play_time":17713,"minecraft:deaths":1,"minecraft:sneak_time":618,"minecraft:walk_under_water_one_cm":2549,"minecraft:jump":301,"minecraft:leave_game":2,"minecraft:walk_on_water_one_cm":1025,"minecraft:time_since_death":7481,"minecraft:total_world_time":17713,"minecraft:fall_one_cm":13629}},"DataVersion":3465}