{"stats":{"minecraft:mined":{"minecraft:crafting_table":1,"minecraft:grass":22,"minecraft:oak_log":10,"minecraft:tall_grass":1,"minecraft:stone":7,"minecraft:oak_leaves":1},"minecraft:killed":{"minecraft:sheep":14,"minecraft:horse":3,"minecraft:pig":8,"minecraft:chicken":1,"minecraft:salmon":3,"minecraft:spider":1,"minecraft:cow":4},"minecraft:dropped":{"minecraft:wheat_seeds":1,"minecraft:netherite_ingot":34,"minecraft:mutton":3,"minecraft:white_wool":2},"minecraft:crafted":{"minecraft:oak_planks":16,"minecraft:crafting_table":1,"minecraft:stick":8,"minecraft:wooden_pickaxe":1,"minecraft:stone_pickaxe":1,"minecraft:stone_axe":1},"minecraft:used":{"minecraft:wooden_pickaxe":7,"minecraft:stone_axe":32,"minecraft:crafting_table":1,"tacz:target":1},"minecraft:picked_up":{"minecraft:crafting_table":1,"minecraft:leather":8,"minecraft:porkchop":12,"minecraft:oak_log":10,"minecraft:spider_eye":1,"minecraft:string":2,"minecraft:netherite_ingot":34,"minecraft:wheat_seeds":1,"minecraft:beef":10,"minecraft:mutton":8,"minecraft:white_wool":6,"minecraft:cobblestone":7,"minecraft:egg":1},"minecraft:custom":{"minecraft:time_since_rest":19124,"minecraft:sprint_one_cm":36795,"minecraft:damage_taken":210,"minecraft:walk_one_cm":31024,"minecraft:mob_kills":34,"minecraft:drop":5,"minecraft:damage_dealt":2080,"minecraft:swim_one_cm":8871,"minecraft:interact_with_crafting_table":2,"minecraft:fly_one_cm":82735,"minecraft:crouch_one_cm":759,"minecraft:play_time":29316,"minecraft:deaths":1,"minecraft:sneak_time":708,"minecraft:walk_under_water_one_cm":8644,"minecraft:jump":357,"minecraft:leave_game":2,"minecraft:walk_on_water_one_cm":1769,"minecraft:time_since_death":19084,"minecraft:total_world_time":29316,"minecraft:fall_one_cm":13629}},"DataVersion":3465}