{"stats":{"minecraft:mined":{"minecraft:crafting_table":1,"minecraft:grass":22,"minecraft:oak_log":10,"minecraft:tall_grass":1,"minecraft:stone":7,"minecraft:oak_leaves":1},"minecraft:killed":{"minecraft:skeleton":2,"minecraft:sheep":14,"minecraft:horse":3,"minecraft:zombie":1,"minecraft:pig":11,"minecraft:chicken":1,"minecraft:salmon":3,"minecraft:iron_golem":10,"minecraft:spider":3,"minecraft:creeper":2,"minecraft:cow":4},"minecraft:dropped":{"minecraft:wheat_seeds":1,"minecraft:netherite_ingot":34,"minecraft:mutton":3,"minecraft:white_wool":2,"minecraft:mangrove_fence":1},"minecraft:crafted":{"minecraft:oak_planks":16,"minecraft:crafting_table":1,"minecraft:stick":8,"minecraft:wooden_pickaxe":1,"minecraft:stone_pickaxe":1,"minecraft:stone_axe":1},"minecraft:used":{"minecraft:netherite_block":36,"minecraft:carved_pumpkin":12,"minecraft:iron_block":46,"minecraft:wooden_pickaxe":7,"minecraft:zombie_spawn_egg":1,"minecraft:deepslate_bricks":17,"minecraft:stone_axe":32,"minecraft:crafting_table":1,"minecraft:mangrove_slab":5,"tacz:target":2},"minecraft:picked_up":{"minecraft:crafting_table":1,"minecraft:leather":8,"minecraft:porkchop":12,"minecraft:oak_log":10,"minecraft:gunpowder":2,"minecraft:spider_eye":1,"minecraft:string":3,"minecraft:arrow":1,"minecraft:netherite_ingot":34,"minecraft:mangrove_fence":1,"minecraft:bone":1,"minecraft:wheat_seeds":3,"minecraft:iron_ingot":31,"minecraft:beef":10,"tacz:target":1,"minecraft:poppy":8,"minecraft:mutton":8,"minecraft:white_wool":6,"minecraft:cobblestone":7,"minecraft:egg":1},"minecraft:custom":{"minecraft:time_since_rest":45558,"minecraft:sprint_one_cm":47021,"minecraft:damage_taken":210,"minecraft:walk_one_cm":82207,"minecraft:mob_kills":54,"minecraft:drop":6,"minecraft:damage_dealt":2090,"minecraft:swim_one_cm":8871,"minecraft:interact_with_crafting_table":2,"minecraft:fly_one_cm":103522,"minecraft:crouch_one_cm":1504,"minecraft:play_time":55750,"minecraft:deaths":1,"minecraft:sneak_time":1047,"minecraft:walk_under_water_one_cm":8644,"minecraft:jump":455,"minecraft:leave_game":3,"minecraft:walk_on_water_one_cm":1769,"minecraft:time_since_death":45518,"minecraft:total_world_time":55750,"minecraft:fall_one_cm":13629}},"DataVersion":3465}