{"stats":{"minecraft:mined":{"minecraft:oak_log":4,"minecraft:oak_leaves":1},"minecraft:picked_up":{"minecraft:oak_log":4},"minecraft:crafted":{"minecraft:crafting_table":1,"minecraft:oak_planks":16},"minecraft:custom":{"minecraft:jump":47,"minecraft:time_since_rest":1811,"minecraft:crouch_one_cm":71,"minecraft:sprint_one_cm":4483,"minecraft:play_time":1811,"minecraft:time_since_death":1811,"minecraft:walk_one_cm":802,"minecraft:sneak_time":231,"minecraft:total_world_time":1811,"minecraft:fall_one_cm":2473,"minecraft:fly_one_cm":14808}},"DataVersion":3465}